Issue key,Issue Type,Status,Created,Start date,Resolved,Story Points,Sprint
ABC-101,Story,Done,2026-03-02,2026-03-03,2026-03-10,5,Sprint 40
ABC-102,Bug,Done,2026-03-02,2026-03-04,2026-03-09,2,Sprint 40
ABC-103,Story,Done,2026-03-03,2026-03-05,2026-03-12,8,Sprint 40
ABC-104,Task,Done,2026-03-04,2026-03-06,2026-03-11,3,Sprint 40
ABC-105,Story,Done,2026-03-05,2026-03-09,2026-03-13,5,Sprint 40
ABC-106,Bug,Done,2026-03-09,2026-03-10,2026-03-16,1,Sprint 41
ABC-107,Story,Done,2026-03-10,2026-03-11,2026-03-20,8,Sprint 41
ABC-108,Story,Done,2026-03-11,2026-03-13,2026-03-24,5,Sprint 41
ABC-109,Task,Done,2026-03-12,2026-03-16,2026-03-23,2,Sprint 41
ABC-110,Bug,Done,2026-03-13,2026-03-17,2026-03-25,3,Sprint 41
ABC-111,Story,Done,2026-03-23,2026-03-24,2026-04-03,8,Sprint 42
ABC-112,Story,Done,2026-03-24,2026-03-26,2026-04-06,5,Sprint 42
ABC-113,Task,Done,2026-03-25,2026-03-30,2026-04-02,2,Sprint 42
ABC-114,Bug,Done,2026-03-26,2026-03-27,2026-04-01,1,Sprint 42
ABC-115,Story,Done,2026-03-30,2026-04-01,2026-04-07,5,Sprint 42
ABC-116,Story,Done,2026-04-06,2026-04-07,2026-04-17,8,Sprint 43
ABC-117,Bug,Done,2026-04-07,2026-04-09,2026-04-15,2,Sprint 43
ABC-118,Story,Done,2026-04-08,2026-04-13,2026-04-20,5,Sprint 43
ABC-119,Task,Done,2026-04-09,2026-04-10,2026-04-16,3,Sprint 43
ABC-120,Story,Done,2026-04-20,2026-04-21,2026-05-01,8,Sprint 44
ABC-121,Story,Done,2026-04-21,2026-04-23,2026-05-04,5,Sprint 44
ABC-122,Bug,Done,2026-04-22,2026-04-24,2026-04-30,2,Sprint 44
ABC-123,Task,Done,2026-04-23,2026-04-27,2026-05-05,3,Sprint 44
ABC-124,Story,Done,2026-05-04,2026-05-05,2026-05-15,8,Sprint 45
ABC-125,Story,Done,2026-05-05,2026-05-07,2026-05-18,5,Sprint 45
ABC-126,Bug,Done,2026-05-06,2026-05-08,2026-05-14,1,Sprint 45
ABC-127,Story,In Progress,2026-05-18,2026-05-20,,5,Sprint 46
ABC-128,Story,In Progress,2026-05-19,2026-05-22,,8,Sprint 46
ABC-129,Bug,In Progress,2026-05-20,2026-05-21,,2,Sprint 46
ABC-130,Task,To Do,2026-05-21,,,3,Sprint 46
ABC-131,Story,To Do,2026-04-10,,,8,Backlog
ABC-132,Story,To Do,2026-03-15,,,5,Backlog
